Datetime,Water Level (m)
2025-04-25 00:00:00,0.4132991
2025-04-25 01:00:00,0.22415939
2025-04-25 02:00:00,0.10008661
2025-04-25 03:00:00,0.042374346
2025-04-25 04:00:00,0.0008300027
2025-04-25 05:00:00,-0.040535543
2025-04-25 06:00:00,0.009023249
2025-04-25 07:00:00,0.29117212
2025-04-25 08:00:00,0.5252205
2025-04-25 09:00:00,0.7124906
2025-04-25 10:00:00,0.8133466
2025-04-25 11:00:00,0.8161907
2025-04-25 12:00:00,0.67550474
2025-04-25 13:00:00,0.47348988
2025-04-25 14:00:00,0.30007917
2025-04-25 15:00:00,0.21273607
2025-04-25 16:00:00,0.15953268
2025-04-25 17:00:00,0.10034003
2025-04-25 18:00:00,0.071170464
2025-04-25 19:00:00,0.3001023
2025-04-25 20:00:00,0.5759532
2025-04-25 21:00:00,0.78726923
2025-04-25 22:00:00,0.9098189
2025-04-25 23:00:00,0.9126914
2025-04-26 00:00:00,0.76319003
2025-04-26 01:00:00,0.5490051
2025-04-26 02:00:00,0.38154554
2025-04-26 03:00:00,0.27338573
2025-04-26 04:00:00,0.21129832
2025-04-26 05:00:00,0.14649476
2025-04-26 06:00:00,0.08725627
2025-04-26 07:00:00,0.14690602
2025-04-26 08:00:00,0.5038152
2025-04-26 09:00:00,0.7522945
2025-04-26 10:00:00,0.9317426
2025-04-26 11:00:00,1.0160342
2025-04-26 12:00:00,0.94192
2025-04-26 13:00:00,0.74558413
2025-04-26 14:00:00,0.52722144
2025-04-26 15:00:00,0.38937476
2025-04-26 16:00:00,0.31442037
2025-04-26 17:00:00,0.25505215
2025-04-26 18:00:00,0.18912111
2025-04-26 19:00:00,0.156493
2025-04-26 20:00:00,0.41901654
2025-04-26 21:00:00,0.7115582
2025-04-26 22:00:00,0.9178764
2025-04-26 23:00:00,1.0261139
2025-04-27 00:00:00,0.9838454
2025-04-27 01:00:00,0.78383815
2025-04-27 02:00:00,0.57189524
2025-04-27 03:00:00,0.41715264
2025-04-27 04:00:00,0.32181466
2025-04-27 05:00:00,0.2613656
2025-04-27 06:00:00,0.19525757
2025-04-27 07:00:00,0.14237234
2025-04-27 08:00:00,0.32301715
2025-04-27 09:00:00,0.6702612
2025-04-27 10:00:00,0.91127586
2025-04-27 11:00:00,1.0744377
2025-04-27 12:00:00,1.1233796
2025-04-27 13:00:00,1.0205091
2025-04-27 14:00:00,0.815337
2025-04-27 15:00:00,0.6004304
2025-04-27 16:00:00,0.44301212
2025-04-27 17:00:00,0.35295764
2025-04-27 18:00:00,0.2881333
2025-04-27 19:00:00,0.22396651
2025-04-27 20:00:00,0.21739127
2025-04-27 21:00:00,0.5368229
2025-04-27 22:00:00,0.8225278
2025-04-27 23:00:00,1.0053678
2025-04-28 00:00:00,1.0676446
2025-04-28 01:00:00,0.9537082
2025-04-28 02:00:00,0.71746624
2025-04-28 03:00:00,0.53461087
2025-04-28 04:00:00,0.39229518
2025-04-28 05:00:00,0.3107327
2025-04-28 06:00:00,0.25407514
2025-04-28 07:00:00,0.18852766
2025-04-28 08:00:00,0.14191432
2025-04-28 09:00:00,0.43262893
2025-04-28 10:00:00,0.7514178
2025-04-28 11:00:00,0.98770523
2025-04-28 12:00:00,1.1256467
2025-04-28 13:00:00,1.1208292
2025-04-28 14:00:00,0.9541172
2025-04-28 15:00:00,0.71815604
2025-04-28 16:00:00,0.5394618
2025-04-28 17:00:00,0.43573213
2025-04-28 18:00:00,0.3610821
2025-04-28 19:00:00,0.28881574
2025-04-28 20:00:00,0.21857068
2025-04-28 21:00:00,0.2709969
2025-04-28 22:00:00,0.61120796
2025-04-28 23:00:00,0.86653477
2025-04-29 00:00:00,1.0123075
2025-04-29 01:00:00,1.0306934
2025-04-29 02:00:00,0.8685342
2025-04-29 03:00:00,0.6513217
2025-04-29 04:00:00,0.49099576
2025-04-29 05:00:00,0.36517695
2025-04-29 06:00:00,0.28532714
2025-04-29 07:00:00,0.21560138
2025-04-29 08:00:00,0.15020566
2025-04-29 09:00:00,0.20205158
2025-04-29 10:00:00,0.5704633
2025-04-29 11:00:00,0.846854
2025-04-29 12:00:00,1.0540017
2025-04-29 13:00:00,1.1393956
2025-04-29 14:00:00,1.0850098
2025-04-29 15:00:00,0.88606435
2025-04-29 16:00:00,0.6624326
2025-04-29 17:00:00,0.51075673
2025-04-29 18:00:00,0.40372428
2025-04-29 19:00:00,0.33115155
2025-04-29 20:00:00,0.26214665
2025-04-29 21:00:00,0.20177332
2025-04-29 22:00:00,0.3262197
2025-04-29 23:00:00,0.6442183
2025-04-30 00:00:00,0.87081635
2025-04-30 01:00:00,0.97589207
2025-04-30 02:00:00,0.9420657
2025-04-30 03:00:00,0.74502784
2025-04-30 04:00:00,0.55799514
2025-04-30 05:00:00,0.4111611
2025-04-30 06:00:00,0.30426642
2025-04-30 07:00:00,0.23266907
2025-04-30 08:00:00,0.16734338
2025-04-30 09:00:00,0.11420125
2025-04-30 10:00:00,0.2600155
2025-04-30 11:00:00,0.62286514
2025-04-30 12:00:00,0.8819468
2025-04-30 13:00:00,1.0607448
2025-04-30 14:00:00,1.1258737
2025-04-30 15:00:00,1.0180768
2025-04-30 16:00:00,0.79673195
2025-04-30 17:00:00,0.59572023
2025-04-30 18:00:00,0.45702165
2025-04-30 19:00:00,0.37358406
2025-04-30 20:00:00,0.30469716
2025-04-30 21:00:00,0.23808128
2025-04-30 22:00:00,0.20009962
2025-04-30 23:00:00,0.38817906
2025-05-01 00:00:00,0.6467598
